task_type,n_examples,ft_score_mean,rag_score_mean,ft_em_mean,rag_em_mean,ft_rouge_mean,rag_rouge_mean,winner
Extraccion,2,0.0,0.0,0.0,0.0,0.07243935309973046,0.6539589442815249,Fine-Tuning
QA,8,0.20639672908095874,0.4658891565466854,0.0,0.0,0.15278551213135733,0.4601140181171889,RAG
Resumen,2,0.11403917910447761,0.14969896004378763,,,0.11403917910447761,0.14969896004378763,RAG
